迭代	lr	测试准确率	测试混淆>5	测试混淆>10	应用准确率	应用混淆>5	应用混淆>10
1	0.05	0.96996008139	36	20	0.980508728753	46	39
2	0.01	0.998400149112	5	2	0.997945692322	15	11
3	0.005	0.99860207204	3	1	0.997686849555	12	6
4	0.05	0.994330625495	11	5	0.996035186182	17	14
5	0.01	0.997623522468	5	3	0.998216860936	13	8
6	0.005	0.999673816809	1	0	0.99924812339	8	4
7	0.05	0.994392755627	17	7	0.994379414194	28	18
8	0.01	0.99849334431	3	2	0.998459269242	14	8
9	0.005	0.999036982961	2	2	0.998898891085	8	5
10	0.05	0.99790310806	8	4	0.996815823099	13	8
11	0.01	0.998415681645	7	3	0.998163448936	14	7
12	0.005	0.998462279244	5	2	0.998336010781	18	7
13	0.05	0.946754477253	41	27	0.96296083257	66	45
14	0.01	0.99860207204	2	2	0.998981063392	10	7
15	0.005	0.999425296283	1	0	0.998759198163	8	6
16	0.05	0.997701185132	9	3	0.997810108015	19	11
17	0.01	0.998555474441	6	1	0.99809771109	20	10
18	0.005	0.999347633619	2	1	0.999383707697	7	3
19	0.05	0.955173110079	45	32	0.973721296186	65	50
20	0.01	0.99940976375	3	1	0.998607179394	6	3
21	0.005	0.998648669639	6	3	0.997896388938	15	9
22	0.05	0.986098383063	18	9	0.986310093635	27	17
23	0.01	0.999751479474	1	0	0.99970828831	5	3
24	0.005	0.999363166152	3	0	0.999170059698	9	4
25	0.05	0.996877960889	11	2	0.996598066486	16	10
26	0.01	0.99919230829	3	2	0.999322078466	10	5
27	0.005	0.998508876843	5	4	0.998471595088	13	9
28	0.05	0.984886845498	30	17	0.985254179489	52	35
29	0.01	0.998928255231	4	2	0.998750980932	12	6
30	0.005	0.99951849148	1	0	0.999120756314	12	4
31	0.05	0.964741150339	27	13	0.955269504624	48	31
32	0.01	0.998959320296	4	1	0.998430508934	12	6
33	0.005	0.999580621612	1	0	0.999560378157	7	2
34	0.05	0.887855112533	83	53	0.903381801299	127	93
35	0.01	0.999394231217	1	0	0.998504464011	7	3
36	0.005	0.999673816809	1	0	0.999576812618	5	2
37	0.05	0.993678259114	14	9	0.993007136665	25	15
38	0.01	0.998695267237	4	2	0.997764913247	17	9
39	0.005	0.992777372206	7	4	0.995053227112	19	13
40	0.05	0.992932697535	10	6	0.992090915441	16	12
41	0.01	0.998695267237	3	2	0.996725433562	20	13
42	0.005	0.999596154145	1	1	0.999396033543	5	4
43	0.05	0.945869122878	54	37	0.96423450333	78	57
44	0.01	0.999596154145	1	0	0.999215254467	7	5
45	0.005	0.999642751744	2	1	0.999490531696	12	3
46	0.05	0.997996303257	7	2	0.997140403713	18	15
47	0.01	0.993957844706	5	3	0.99595712249	16	10
48	0.005	0.997840977928	5	4	0.996976059098	25	16
49	0.05	0.998431214178	4	2	0.998385314165	10	5
50	0.01	0.999596154145	0	0	0.9989029997	8	8
51	0.005	0.998244823783	4	2	0.99855787601	10	6
52	0.05	0.99720414408	5	4	0.997378703403	14	10
53	0.01	0.99849334431	3	3	0.997847085554	12	7
54	0.005	0.999378698684	2	0	0.999050909853	9	7
55	0.05	0.982417172768	9	6	0.98769469701	23	16
56	0.01	0.996644972896	9	4	0.996934972945	18	10
57	0.005	0.999052515494	2	2	0.998216860936	10	6
58	0.05	0.995200447337	9	5	0.995591455724	18	11
59	0.01	0.999502958948	1	0	0.999342621543	7	3
60	0.005	0.999332101086	3	0	0.998989280623	11	7
61	0.05	0.993181218061	23	12	0.994009638812	32	25
62	0.01	0.998772929902	5	3	0.999182385544	6	4
63	0.005	0.999068048027	4	2	0.998644156933	10	4
64	0.05	0.99930103602	3	1	0.998915325546	10	6
65	0.01	0.998990385362	2	1	0.997280096635	16	9
66	0.005	0.998850592566	6	2	0.997908714784	14	7
67	0.05	0.977291436915	24	16	0.98405035519	41	26
68	0.01	0.999363166152	3	1	0.999170059698	9	6
69	0.005	0.993522933785	15	9	0.996392635718	25	15
70	0.05	0.998089498455	6	4	0.997202032943	20	11
71	0.01	0.996365387304	10	6	0.997793673554	21	12
72	0.005	0.985896460136	23	16	0.988536963158	34	22
73	0.05	0.918329942064	46	30	0.933941682314	66	48
74	0.01	0.999580621612	1	0	0.99941657662	5	3
75	0.005	0.999316568553	3	1	0.9989564117	12	6
76	0.05	0.979714512045	42	22	0.983314913041	54	44
77	0.01	0.999471893882	3	0	0.999330295697	7	5
78	0.005	0.999269970954	2	1	0.999256340621	8	4
79	0.05	0.975505195632	42	25	0.981445493054	82	52
80	0.01	0.999285503487	2	1	0.998512681241	10	4
81	0.005	0.998726332303	5	2	0.998981063392	11	6
82	0.05	0.987620571287	17	7	0.985529456718	27	22
83	0.01	0.999394231217	2	1	0.998952303084	7	5
84	0.005	0.999673816809	0	0	0.999387816312	5	3
85	0.05	0.982494835433	15	10	0.989013562539	28	20
86	0.01	0.999596154145	1	0	0.999457662773	7	3
87	0.005	0.998897190165	4	2	0.998742763701	13	10
88	0.05	0.895481586182	59	41	0.922482754087	75	61
89	0.01	0.999704881875	0	0	0.999515183388	8	4
90	0.005	0.986144980662	6	3	0.991659510828	16	11
91	0.05	0.99731287181	8	4	0.995595564339	20	16
92	0.01	0.985244093754	18	16	0.983988725959	55	36
93	0.005	0.999145710691	3	2	0.9989029997	9	6
94	0.05	0.998679734704	6	2	0.998356553858	12	7
95	0.01	0.997343936876	10	5	0.99797445263	15	10
96	0.005	0.999083580559	3	1	0.999404250773	6	2
97	0.05	0.99683136329	4	2	0.994543758808	16	8
98	0.01	0.999363166152	2	0	0.999289209543	12	5
99	0.005	0.999767012007	0	0	0.999613790157	6	3
100	0.05	0.997359469409	8	4	0.996910321253	22	16
101	0.01	0.999114645625	1	1	0.998833153239	14	8
102	0.005	0.999254438421	2	1	0.999326187082	9	3
103	0.05	0.992699709542	17	9	0.995012140958	29	18
104	0.01	0.998757397369	5	2	0.998898891085	13	8
105	0.005	0.999114645625	5	1	0.999215254467	8	5
106	0.05	0.989826190957	14	9	0.992349758208	24	13
107	0.01	0.99951849148	1	1	0.999178276929	8	5
108	0.005	0.999378698684	1	0	0.998976954776	9	8
109	0.05	0.0548453736351	33	33	0.0679154118271	33	33
110	0.01	0.994019974837	21	14	0.994551976039	24	20
111	0.005	0.999394231217	3	1	0.999087887391	10	5
112	0.05	0.95431882077	32	14	0.938908998278	48	31
113	0.01	0.999658284276	2	0	0.99941657662	7	5
114	0.005	0.999238905888	2	0	0.998307250474	13	9
115	0.05	0.994019974837	14	8	0.995874950183	26	19
116	0.01	0.998757397369	5	3	0.998730437855	12	8
117	0.005	0.999767012007	0	0	0.999560378157	6	4
118	0.05	0.955934204191	44	34	0.956732171691	62	41
119	0.01	0.999223373355	2	0	0.999128973545	8	7
120	0.005	0.999099113092	3	2	0.99843461755	10	7
121	0.05	0.0541930072537	36	36	0.0779075643717	36	36
122	0.01	0.995278110001	16	8	0.992629144052	22	15
123	0.005	0.999440828816	2	0	0.999046801238	12	7
124	0.05	0.995604293192	11	8	0.995386024956	26	16
125	0.01	0.999285503487	3	1	0.998401748627	11	7
126	0.005	0.994920861745	15	7	0.992119675748	28	18
127	0.05	0.983939360992	28	19	0.98960520315	40	28
128	0.01	0.998959320296	4	2	0.997288313865	11	6
129	0.005	0.999813609605	0	0	0.999724722771	5	2
130	0.05	0.991084326121	20	9	0.988964259155	44	24
131	0.01	0.999580621612	1	0	0.999433011081	8	4
132	0.005	0.999425296283	1	0	0.999100213237	9	8
133	0.05	0.0559637160032	33	33	0.0794277520533	33	33
134	0.01	0.999440828816	2	0	0.999457662773	12	3
135	0.005	0.999735946941	1	0	0.999650767695	5	3
136	0.05	0.986952672372	29	19	0.985328134565	45	34
137	0.01	0.999549556546	0	0	0.999461771388	7	4
138	0.005	0.999502958948	2	0	0.99930975262	6	4
139	0.05	0.986704151846	15	8	0.990726855143	21	13
140	0.01	0.999347633619	3	0	0.999157733852	8	5
141	0.005	0.99989127227	0	0	0.999782243386	3	2
142	0.05	0.982541433031	20	18	0.990126997301	31	25
143	0.01	0.998959320296	4	1	0.998648265548	12	6
144	0.005	0.999285503487	2	0	0.999437119696	6	3
145	0.05	0.994905329212	16	8	0.995862624337	29	17
146	0.01	0.999456361349	1	1	0.999116647699	7	5
147	0.005	0.998928255231	4	2	0.99919471139	8	6
148	0.05	0.981112440006	32	24	0.980311515216	53	39
149	0.01	0.999720414408	1	0	0.999428902466	6	3
150	0.005	0.999658284276	1	0	0.999239906159	9	4
151	0.05	0.994237430298	20	9	0.986634674248	44	26
152	0.01	0.989919386154	4	2	0.993311174201	12	9
153	0.005	0.998042900856	5	4	0.997095208944	17	12
154	0.05	0.982712290893	27	18	0.974616974333	60	38
155	0.01	0.999767012007	1	0	0.999568595388	6	3
156	0.005	0.999565089079	2	0	0.999433011081	4	4
157	0.05	0.995402370265	11	7	0.996289920334	22	15
158	0.01	0.999114645625	2	2	0.997908714784	10	7
159	0.005	0.99951849148	2	0	0.999059127084	8	5
160	0.05	0.998291421382	4	2	0.997025362483	15	9
161	0.01	0.999658284276	2	1	0.999116647699	5	5
162	0.005	0.998757397369	4	2	0.998709894778	15	9
163	0.05	0.998508876843	3	3	0.998311359089	10	7
164	0.01	0.999068048027	4	1	0.998401748627	13	8
165	0.005	0.999704881875	1	0	0.999605572926	5	3
166	0.05	0.975551793231	15	10	0.984374935803	23	17
167	0.01	0.999751479474	1	0	0.999605572926	4	3
168	0.005	0.998462279244	7	3	0.997419789557	12	11
169	0.05	0.995573228126	18	7	0.997029471098	28	20
170	0.01	0.983131669281	9	5	0.990710420681	18	12
171	0.005	0.999751479474	0	0	0.99953983508	6	2
172	0.05	0.716034233702	154	129	0.741222970447	208	185
173	0.01	0.998477811777	5	2	0.997156838174	15	11
174	0.005	0.999565089079	2	0	0.999564486772	5	3
175	0.05	0.898510430096	82	56	0.909770698177	128	92
176	0.01	0.999347633619	3	1	0.999391924927	6	3
177	0.005	0.998974852829	4	2	0.999346730158	7	3
178	0.05	0.997747782731	11	4	0.996729542177	16	14
179	0.01	0.998353551514	5	4	0.997945692322	16	13
180	0.005	0.998943787763	5	1	0.998455160626	11	7
181	0.05	0.998182693652	6	2	0.998179883397	14	6
182	0.01	0.999425296283	3	0	0.999342621543	11	5
183	0.005	0.99951849148	2	0	0.999585029849	4	2
184	0.05	0.995371305199	6	4	0.995464088647	23	14
185	0.01	0.997840977928	8	3	0.998183992013	14	10
186	0.005	0.998974852829	5	1	0.998886565239	13	5
187	0.05	0.99871079977	5	2	0.998730437855	12	7
188	0.01	0.997965238191	7	2	0.997773130477	17	11
189	0.005	0.999394231217	1	1	0.99947820585	10	2
190	0.05	0.999005917895	5	2	0.999104321852	8	5
191	0.01	0.997375001942	13	4	0.997407463711	19	13
192	0.005	0.999099113092	2	1	0.998163448936	16	12
193	0.05	0.99392677964	18	10	0.992777054205	31	23
194	0.01	0.998633137106	4	2	0.998488029549	16	9
195	0.005	0.999238905888	3	1	0.99907967016	10	7
196	0.05	0.99403550737	12	5	0.993434432662	24	16
197	0.01	0.99871079977	5	2	0.998701677548	10	6
198	0.005	0.999456361349	2	0	0.999190602775	11	5
199	0.05	0.0565694847859	33	33	0.0388223064945	33	33
200	0.01	0.998539941908	6	1	0.997119860636	21	12
201	0.005	0.995992606514	5	1	0.997321182788	11	8
202	0.05	0.99381805191	16	11	0.995357264648	30	19
203	0.01	0.996411984902	9	4	0.994991597882	15	11
204	0.005	0.999332101086	2	1	0.999244014775	12	6
205	0.05	0.992016278094	11	7	0.995036792651	20	16
206	0.01	0.999627219211	2	0	0.999552160926	6	3
207	0.005	0.999005917895	5	3	0.99930975262	9	4
208	0.05	0.998089498455	7	3	0.996787062792	19	13
209	0.01	0.997390534474	8	5	0.997678632324	13	9
210	0.005	0.998866125099	5	1	0.999264557851	10	4
211	0.05	0.998757397369	4	1	0.998488029549	16	8
212	0.01	0.999425296283	2	1	0.998525007087	6	4
213	0.005	0.999471893882	1	1	0.999013932315	9	8
214	0.05	0.991860952766	23	14	0.992464799438	55	29
215	0.01	0.999534024013	2	1	0.999227580313	10	4
216	0.005	0.999130178158	3	1	0.998939977238	14	8
217	0.05	0.992404591417	23	10	0.99450678127	32	22
218	0.01	0.998027368323	9	5	0.998249729859	14	9
219	0.005	0.998089498455	4	1	0.998635939702	11	7
220	0.05	0.968080644911	23	18	0.977143772777	29	23
221	0.01	0.999611686678	1	0	0.999317969851	8	3
222	0.005	0.999332101086	2	1	0.998479812318	12	7
223	0.05	0.995355772666	17	7	0.995817429568	29	18
224	0.01	0.997468197139	10	2	0.997074665867	24	16
225	0.005	0.998508876843	7	4	0.998652374163	12	10
226	0.05	0.992699709542	14	9	0.994441043424	26	19
227	0.01	0.999658284276	1	0	0.999490531696	7	4
228	0.005	0.999036982961	3	1	0.999198820006	12	7
229	0.05	0.927400941271	56	39	0.942672489944	85	61
230	0.01	0.999238905888	2	1	0.999174168314	12	7
231	0.005	0.999751479474	1	0	0.999650767695	5	2
232	0.05	0.992808437272	17	13	0.993146829587	27	24
233	0.01	0.998866125099	6	2	0.998405857242	16	7
234	0.005	0.999534024013	1	0	0.999379599081	7	3
235	0.05	0.998369084047	6	1	0.997621111709	10	7
236	0.01	0.999285503487	2	0	0.998775632624	12	7
237	0.005	0.999580621612	1	0	0.999165951083	8	5
238	0.05	0.985352821485	17	14	0.983080721966	33	23
239	0.01	0.999704881875	0	0	0.999445336927	7	5
240	0.005	0.999269970954	4	0	0.998405857242	11	7
241	0.05	0.98097264721	43	28	0.983220414888	54	41
242	0.01	0.999704881875	1	0	0.999576812618	4	4
243	0.005	0.995480032929	13	5	0.996561088947	19	14
244	0.05	0.925785557851	53	40	0.943432583785	79	62
245	0.01	0.999829142138	0	0	0.999774026155	5	0
246	0.005	0.998943787763	3	2	0.999170059698	11	5
247	0.05	0.995386837732	10	6	0.994227395425	14	10
248	0.01	0.999720414408	0	0	0.999334404312	8	5
249	0.005	0.99989127227	0	0	0.999802786463	4	1
250	0.05	0.957021481493	35	27	0.971375276818	58	38
251	0.01	0.99951849148	0	0	0.99901804093	9	5
252	0.005	0.998990385362	2	2	0.998409965857	10	5
253	0.05	0.993895714574	11	8	0.993376912047	19	14
254	0.01	0.998369084047	6	2	0.998044299091	17	12
255	0.005	0.999378698684	1	1	0.998890673854	10	8
256	0.05	0.99672263556	7	3	0.997600568632	13	7
257	0.01	0.981034777341	33	23	0.981753639206	54	41
258	0.005	0.998291421382	6	2	0.998073059398	12	8
259	0.05	0.991301781582	17	10	0.990882982526	29	21
260	0.01	0.990183439213	20	11	0.986462112403	34	26
261	0.005	0.999254438421	3	2	0.99872632924	10	7
262	0.05	0.973392771159	41	28	0.977357420776	57	48
263	0.01	0.999611686678	0	0	0.999412468004	7	6
264	0.005	0.999425296283	1	0	0.999235797544	12	4
265	0.05	0.866513412342	79	63	0.903094198224	105	84
266	0.01	0.999735946941	1	0	0.999342621543	6	3
267	0.005	0.998943787763	5	1	0.999207037236	9	4
268	0.05	0.981469688262	13	8	0.988237034237	18	13
269	0.01	0.998741864836	4	2	0.99849624678	7	5
270	0.005	0.99978254454	0	0	0.99965487631	5	2
271	0.05	0.995650890791	10	5	0.996150227412	17	12
272	0.01	0.999425296283	2	0	0.999128973545	8	6
273	0.005	0.997809912862	7	4	0.997912823399	20	10
274	0.05	0.977617620105	17	10	0.985332243181	34	22
275	0.01	0.998524409375	4	3	0.998890673854	9	6
276	0.005	0.999658284276	1	0	0.999153625237	5	4
277	0.05	0.895124337926	76	57	0.922548491933	92	76
278	0.01	0.999720414408	0	0	0.99907967016	6	3
279	0.005	0.999099113092	2	1	0.998430508934	16	11
280	0.05	0.992544384213	16	9	0.991495166214	27	20
281	0.01	0.998803994967	4	1	0.999046801238	9	6
282	0.005	0.999627219211	2	0	0.999523400619	6	3
283	0.05	0.994066572436	18	10	0.993438541277	27	21
284	0.01	0.995138317205	15	7	0.994112354196	24	18
285	0.005	0.999549556546	1	0	0.999371381851	7	6
286	0.05	0.988148677405	22	11	0.989601094535	35	25
287	0.01	0.999798077072	0	0	0.999445336927	6	4
288	0.005	0.999456361349	1	1	0.99901804093	11	7
289	0.05	0.990742610397	15	9	0.992830466205	26	18
290	0.01	0.999363166152	1	1	0.998537332933	9	6
291	0.005	0.998726332303	6	4	0.998385314165	10	8
292	0.05	0.9953247076	19	9	0.991733465905	41	25
293	0.01	0.999471893882	2	1	0.998483920934	8	5
294	0.005	0.997561392336	9	4	0.995065552958	25	17
295	0.05	0.975831378823	15	7	0.985258288104	25	16
296	0.01	0.995883878784	10	6	0.991951222518	21	15
297	0.005	0.998353551514	4	2	0.99821275232	13	6
298	0.05	0.950761870738	46	33	0.956995123074	72	55
299	0.01	0.999052515494	3	1	0.998730437855	9	6
300	0.005	0.99978254454	0	0	0.99970828831	4	3
301	0.05	0.999099113092	3	1	0.99930975262	7	4
302	0.01	0.999316568553	4	1	0.999605572926	6	4
303	0.005	0.999502958948	2	0	0.999124864929	10	6
304	0.05	0.994905329212	6	2	0.996207748027	16	12
305	0.01	0.997545859803	8	4	0.994942294497	16	6
306	0.005	0.999580621612	0	0	0.999568595388	7	5
307	0.05	0.968515555832	26	18	0.975335982021	46	34
308	0.01	0.992886099936	17	13	0.994063050811	33	16
309	0.005	0.998943787763	4	1	0.999244014775	11	6
310	0.05	0.940168683307	58	40	0.936735540755	82	69
311	0.01	0.99978254454	0	0	0.999679528002	7	1
312	0.005	0.999565089079	1	0	0.999379599081	8	6
313	0.05	0.96705549774	34	25	0.975652345403	53	36
314	0.01	0.998633137106	3	1	0.998722220624	6	3
315	0.005	0.998881657632	4	2	0.99821275232	10	8
316	0.05	0.99484319908	13	7	0.989527139459	19	12
317	0.01	0.997732250198	8	4	0.997727935708	15	9
318	0.005	0.998788462435	4	3	0.998640048317	10	5
319	0.05	0.995247044936	14	7	0.996811714484	25	13
320	0.01	0.998912722698	4	1	0.996819931715	15	8
321	0.005	0.999471893882	2	1	0.999506966157	5	3
322	0.05	0.967071030273	35	23	0.975064813407	46	37
323	0.01	0.999207840823	3	2	0.998167557551	9	7
324	0.005	0.999254438421	4	1	0.998845479085	9	7
325	0.05	0.949721191035	48	28	0.951066391116	67	50
326	0.01	0.999565089079	1	0	0.999605572926	6	2
327	0.005	0.998400149112	5	3	0.996680238793	15	10
328	0.05	0.99731287181	10	7	0.997584134171	17	12
329	0.01	0.998151628586	6	2	0.997070557252	11	8
330	0.005	0.999176775757	4	0	0.998208643705	14	8
331	0.05	0.986626489182	25	15	0.981387972439	48	34
332	0.01	0.999751479474	1	0	0.999502857542	8	4
333	0.005	0.999658284276	0	0	0.999223471698	8	6
334	0.05	0.994951926811	13	8	0.996100924028	15	10
335	0.01	0.998866125099	4	1	0.998282598781	15	8
336	0.005	0.999642751744	1	0	0.999556269542	5	4
337	0.05	0.994237430298	11	7	0.994173983426	22	13
338	0.01	0.999471893882	2	2	0.99947820585	7	5
339	0.005	0.999471893882	2	0	0.999428902466	7	3
340	0.05	0.97522561004	18	15	0.983056070274	35	23
341	0.01	0.997825445395	8	4	0.996951407406	17	13
342	0.005	0.998928255231	6	0	0.998952303084	15	6
343	0.05	0.986533293984	30	19	0.981737204745	43	35
344	0.01	0.99951849148	2	0	0.998459269242	8	5
345	0.005	0.997235209146	11	5	0.996437830487	15	13
346	0.05	0.976763330796	46	24	0.978815979227	68	47
347	0.01	0.999378698684	2	0	0.999223471698	6	6
348	0.005	0.999611686678	0	0	0.999523400619	5	2
349	0.05	0.996070269179	11	7	0.996178987719	20	12
350	0.01	0.999487426415	1	1	0.999519292003	7	3
351	0.005	0.999456361349	2	0	0.999087887391	10	3
352	0.05	0.995060654541	10	5	0.994794384345	23	14
353	0.01	0.997592457402	4	2	0.998459269242	12	6
354	0.005	0.998943787763	5	1	0.998660591394	12	8
355	0.05	0.806355912459	96	78	0.879609352852	125	103
356	0.01	0.999735946941	1	0	0.999552160926	4	4
357	0.005	0.998928255231	4	3	0.998993389238	10	8
358	0.05	0.997732250198	11	4	0.9946218225	26	19
359	0.01	0.999068048027	4	1	0.998976954776	10	6
360	0.005	0.998788462435	5	2	0.999112539083	11	5
361	0.05	0.992078408226	20	11	0.994021964658	35	26
362	0.01	0.994128702568	10	7	0.994695777576	16	11
363	0.005	0.999456361349	2	0	0.999379599081	8	4
364	0.05	0.955406098072	61	36	0.959369902749	97	72
365	0.01	0.999549556546	2	0	0.999420685235	7	5
366	0.005	0.999130178158	4	0	0.998939977238	13	8
367	0.05	0.983116136748	33	23	0.987049644399	62	43
368	0.01	0.999145710691	3	2	0.998282598781	11	8
369	0.005	0.999347633619	3	0	0.998993389238	6	4
370	0.05	0.994268495364	16	9	0.994880665267	24	16
371	0.01	0.999565089079	1	0	0.998894782469	6	2
372	0.005	0.99951849148	1	1	0.999646659079	4	2
373	0.05	0.990167906681	24	12	0.986725063786	45	24
374	0.01	0.998617604573	3	2	0.998763306778	10	7
375	0.005	0.999798077072	0	0	0.999445336927	5	3
376	0.05	0.923486742983	69	48	0.945655344692	105	76
377	0.01	0.99930103602	3	0	0.999149516621	10	6
378	0.005	0.997778847797	2	2	0.995669519415	13	6
379	0.05	0.810705021668	89	69	0.862805116048	121	97
380	0.01	0.99930103602	3	0	0.999170059698	9	6
381	0.005	0.998959320296	3	2	0.99907967016	7	6
382	0.05	0.988878706451	30	19	0.985697909947	60	42
383	0.01	0.998928255231	3	1	0.998504464011	12	6
384	0.005	0.998835060033	1	1	0.998656482779	7	6
385	0.05	0.99134837918	19	13	0.992871552358	37	25
386	0.01	0.999223373355	3	1	0.999050909853	9	4
387	0.005	0.999036982961	3	1	0.998323684935	12	10
388	0.05	0.998089498455	4	3	0.997711501247	15	10
389	0.01	0.998260356316	7	1	0.997994995706	11	7
390	0.005	0.99940976375	2	1	0.999207037236	6	4
391	0.05	0.997281806744	8	4	0.996063946489	15	11
392	0.01	0.999099113092	2	1	0.997403355095	11	7
393	0.005	0.996163464376	15	9	0.996659695716	26	15
394	0.05	0.999332101086	1	1	0.999400142158	4	4
395	0.01	0.999223373355	3	1	0.999075561545	11	6
396	0.005	0.999487426415	1	0	0.999453554158	6	3
397	0.05	0.0583091284696	33	33	0.0721431770279	33	33
398	0.01	0.999347633619	3	1	0.998660591394	12	5
399	0.005	0.999145710691	3	1	0.998882456623	11	5
400	0.05	0.997235209146	7	4	0.99653232864	23	13
401	0.01	0.999735946941	1	0	0.999630224618	5	2
402	0.005	0.998664202171	4	2	0.998755089547	13	9
403	0.05	0.976887591059	18	10	0.9858458201	29	21
404	0.01	0.999642751744	1	0	0.999317969851	6	6
405	0.005	0.999565089079	1	0	0.999515183388	8	3
406	0.05	0.998260356316	6	2	0.998389422781	12	6
407	0.01	0.998446746711	8	2	0.997653980632	14	7
408	0.005	0.999549556546	1	0	0.999313861236	10	5
409	0.05	0.975085817244	12	12	0.98341351981	36	24
410	0.01	0.999642751744	2	0	0.99918649416	9	3
411	0.005	0.9988195275	7	3	0.998483920934	9	7
412	0.05	0.976095431882	18	13	0.986063576714	28	19
413	0.01	0.999347633619	2	1	0.998759198163	8	6
414	0.005	0.999099113092	3	0	0.999215254467	10	6
415	0.05	0.996520712633	7	4	0.99624061695	37	20
416	0.01	0.999005917895	1	1	0.998681134471	12	9
417	0.005	0.999425296283	1	0	0.999178276929	8	3
418	0.05	0.998633137106	5	3	0.99728420525	16	10
419	0.01	0.999534024013	1	0	0.999223471698	6	5
420	0.005	0.998648669639	4	1	0.997592351402	11	9
421	0.05	0.996784765692	7	5	0.995985882798	14	9
422	0.01	0.999611686678	1	1	0.999289209543	8	5
423	0.005	0.988008884609	9	3	0.992600383745	18	11
424	0.05	0.961417188301	44	30	0.96463303902	86	59
425	0.01	0.99978254454	1	0	0.999786352002	5	1
426	0.005	0.999316568553	2	0	0.99884137047	13	7
427	0.05	0.982634628229	31	19	0.980619661368	49	39
428	0.01	0.998260356316	5	3	0.997526613556	11	9
429	0.005	0.999347633619	2	1	0.998792067085	11	7
430	0.05	0.973998539942	19	12	0.982386365971	34	27
431	0.01	0.98269675836	13	4	0.98960520315	25	14
432	0.005	0.998089498455	6	3	0.998192209244	13	9
433	0.05	0.998384616579	5	2	0.997645763401	13	7
434	0.01	0.998431214178	5	2	0.997555373863	16	7
435	0.005	0.996846895823	13	4	0.997317074173	19	12
436	0.05	0.97909321073	42	31	0.981930309666	69	46
437	0.01	0.998089498455	7	4	0.998471595088	17	11
438	0.005	0.998306953915	4	2	0.997189707097	16	10
439	0.05	0.996598375297	10	4	0.997444441249	24	14
440	0.01	0.999580621612	1	0	0.999330295697	9	3
441	0.005	0.999238905888	2	1	0.999498748927	6	4
442	0.05	0.94496823597	51	34	0.956337744617	77	54
443	0.01	0.999114645625	4	2	0.9989564117	9	5
444	0.005	0.999332101086	2	1	0.999170059698	8	3
445	0.05	0.996178996909	6	4	0.995870841568	21	13
446	0.01	0.999549556546	1	0	0.999112539083	8	5
447	0.005	0.999021450428	3	1	0.999055018468	11	7
448	0.05	0.967210823069	38	29	0.970775418976	57	44
449	0.01	0.999099113092	3	1	0.998677025856	8	3
450	0.005	0.999363166152	2	0	0.999367273235	14	5
451	0.05	0.986238175859	28	18	0.989284731153	49	30
452	0.01	0.995091719607	7	4	0.996902104022	16	10
453	0.005	0.998291421382	6	4	0.998479812318	12	8
454	0.05	0.997747782731	7	3	0.998512681241	20	7
455	0.01	0.998462279244	4	2	0.998730437855	7	7
456	0.005	0.999130178158	3	1	0.999272775082	10	5
457	0.05	0.988148677405	21	16	0.984851535184	37	26
458	0.01	0.999425296283	2	0	0.998537332933	8	7
459	0.005	0.998571006974	6	4	0.997986778476	14	8
460	0.05	0.991907550364	25	14	0.995225788957	29	23
461	0.01	0.999347633619	1	1	0.997617003094	15	8
462	0.005	0.999456361349	1	0	0.999576812618	3	3
463	0.05	0.984995573228	30	21	0.982304193664	55	37
464	0.01	0.999005917895	6	0	0.998989280623	13	5
465	0.005	0.999627219211	0	0	0.999433011081	6	4
466	0.05	0.955809943928	40	31	0.955253070163	58	43
467	0.01	0.999471893882	1	0	0.999157733852	9	6
468	0.005	0.999083580559	3	2	0.998027864629	11	8
469	0.05	0.998866125099	4	2	0.998479812318	13	8
470	0.01	0.998990385362	4	1	0.99901804093	12	5
471	0.005	0.997701185132	8	5	0.997666306478	16	7
472	0.05	0.978378714217	15	10	0.98612931456	26	19
473	0.01	0.986704151846	8	6	0.99173757452	21	16
474	0.005	0.999611686678	1	0	0.999350838774	9	4
475	0.05	0.989562137898	13	7	0.991170585601	34	22
476	0.01	0.998881657632	6	2	0.99745265848	12	9
477	0.005	0.999114645625	5	1	0.998968737546	10	5
478	0.05	0.976747798263	15	9	0.985632172102	31	21
479	0.01	0.998384616579	7	2	0.997559482479	18	12
480	0.005	0.99871079977	4	3	0.998759198163	10	7
481	0.05	0.998213758718	6	3	0.996602175101	16	13
482	0.01	0.999534024013	2	0	0.999313861236	8	3
483	0.005	0.998866125099	4	1	0.998249729859	11	8
484	0.05	0.0565694847859	33	33	0.0388223064945	33	33
485	0.01	0.999549556546	0	0	0.999519292003	5	2
486	0.005	0.997949705659	7	4	0.996922647099	14	10
487	0.05	0.99753032727	8	3	0.996446047717	12	8
488	0.01	0.997732250198	8	2	0.995953013875	12	8
489	0.005	0.993957844706	21	12	0.993007136665	36	20
490	0.05	0.995464500396	11	5	0.995833864029	25	18
491	0.01	0.999269970954	2	0	0.9989564117	9	6
492	0.005	0.999565089079	1	0	0.998249729859	7	4
493	0.05	0.994066572436	13	8	0.994868339421	31	20
494	0.01	0.999130178158	2	1	0.999231688929	11	4
495	0.005	0.999471893882	2	0	0.999576812618	7	3
496	0.05	0.971932713068	25	17	0.981022305673	47	31
497	0.01	0.95770491294	32	24	0.967373485462	55	40
498	0.005	0.999332101086	2	0	0.998578419087	9	5
499	0.05	0.979869837374	14	9	0.986203269636	32	21
500	0.01	0.998213758718	7	3	0.996220073873	18	14
501	0.005	0.999394231217	2	0	0.998664700009	12	7
502	0.05	0.994097637502	8	7	0.992534645899	23	18
503	0.01	0.999673816809	1	0	0.999116647699	8	5
504	0.005	0.994781068949	14	8	0.992263477286	34	21
505	0.05	0.961122070176	51	35	0.969255231295	57	46
506	0.01	0.997002221152	8	4	0.997633437555	21	12
507	0.005	0.999223373355	3	1	0.997670415093	10	7
508	0.05	0.990804740529	11	10	0.994810818806	20	14
509	0.01	0.999844674671	0	0	0.999585029849	4	3
510	0.005	0.999207840823	4	0	0.999506966157	6	6
511	0.05	0.980957114677	25	19	0.981108586595	40	29
512	0.01	0.999658284276	1	0	0.99947820585	8	5
513	0.005	0.999021450428	5	0	0.998775632624	13	6
514	0.05	0.924589552818	65	51	0.930022063264	95	72
515	0.01	0.997825445395	6	4	0.998545550164	14	7
516	0.005	0.998974852829	5	2	0.99873454647	12	8
517	0.05	0.992979295134	20	14	0.992210065286	42	30
518	0.01	0.999207840823	4	2	0.999005715084	10	7
519	0.005	0.999471893882	2	0	0.999235797544	13	6
520	0.05	0.999534024013	2	0	0.999519292003	7	4
521	0.01	0.999114645625	3	1	0.999009823699	12	8
522	0.005	0.998586539507	5	2	0.997300639711	19	15
523	0.05	0.997219676613	8	4	0.996191313565	22	13
524	0.01	0.999269970954	2	1	0.998898891085	9	6
525	0.005	0.99580621612	7	4	0.994625931115	14	10
526	0.05	0.959180503565	47	31	0.966983167003	56	44
527	0.01	0.998353551514	7	1	0.998336010781	9	6
528	0.005	0.999565089079	2	0	0.999700071079	5	3
529	0.05	0.983302527143	26	20	0.970528902055	54	37
530	0.01	0.997763315264	8	3	0.997727935708	13	9
531	0.005	0.99951849148	2	1	0.999371381851	6	5
532	0.05	0.983380189808	29	21	0.982398691817	39	34
533	0.01	0.998477811777	4	3	0.997608785863	9	6
534	0.005	0.999269970954	2	1	0.999387816312	9	3
535	0.05	0.994206365232	15	8	0.989510704997	35	24
536	0.01	0.998928255231	4	2	0.998389422781	13	7
537	0.005	0.998866125099	5	2	0.99821275232	11	9
538	0.05	0.981003712275	30	19	0.987522135165	43	33
539	0.01	0.998182693652	9	5	0.99739924648	13	10
540	0.005	0.999052515494	2	1	0.998336010781	13	8
541	0.05	0.990261101878	25	15	0.992497668361	34	27
542	0.01	0.999549556546	1	1	0.999387816312	5	3
543	0.005	0.999813609605	0	0	0.999486423081	8	4
544	0.05	0.997126481415	7	3	0.998344228012	12	9
545	0.01	0.998539941908	3	2	0.998225078166	14	9
546	0.005	0.999704881875	0	0	0.99970828831	5	2
547	0.05	0.0527174166291	34	34	0.0719952668751	36	35
548	0.01	0.999145710691	4	1	0.998549658779	10	7
549	0.005	0.999471893882	2	0	0.998989280623	10	6
550	0.05	0.99602367158	13	6	0.99647069941	24	17
551	0.01	0.999316568553	2	2	0.999227580313	6	4
552	0.005	0.998244823783	5	3	0.998323684935	19	9
553	0.05	0.993460803653	17	10	0.991930679442	34	24
554	0.01	0.982991876485	11	6	0.990394057299	24	11
555	0.005	0.998384616579	6	4	0.997017145252	10	8
556	0.05	0.995278110001	19	7	0.993606994507	34	18
557	0.01	0.999549556546	1	0	0.999498748927	7	5
558	0.005	0.998306953915	6	2	0.997415680941	14	12
559	0.05	0.98855252326	19	12	0.987715240087	33	20
560	0.01	0.995821748653	14	9	0.99618720495	24	16
561	0.005	0.999316568553	3	0	0.999383707697	6	3
562	0.05	0.992326928752	14	9	0.991125390832	24	16
563	0.01	0.99919230829	3	2	0.998401748627	9	7
564	0.005	0.999440828816	1	1	0.998401748627	11	8
565	0.05	0.990727077865	15	9	0.989087517616	26	14
566	0.01	0.999549556546	1	0	0.998890673854	8	4
567	0.005	0.999642751744	1	0	0.999338512928	7	4
568	0.05	0.95421009304	35	28	0.956399373847	46	39
569	0.01	0.998571006974	4	3	0.99849624678	11	9
570	0.005	0.999052515494	4	1	0.998792067085	13	6
571	0.05	0.998850592566	5	2	0.99826616432	15	9
572	0.01	0.998974852829	3	1	0.9989564117	11	6
573	0.005	0.999145710691	2	1	0.999207037236	8	5
574	0.05	0.958062161197	27	15	0.958046928605	46	30
575	0.01	0.999176775757	4	1	0.999227580313	7	4
576	0.005	0.999130178158	4	1	0.998586636318	15	9
577	0.05	0.993243348193	17	14	0.986716846556	31	24
578	0.01	0.999580621612	1	0	0.999474097234	6	4
579	0.005	0.989608735496	6	2	0.993483736046	13	8
580	0.05	0.998136096053	4	3	0.997559482479	13	8
581	0.01	0.9988195275	6	2	0.998701677548	9	7
582	0.005	0.999114645625	3	1	0.99919471139	10	4
583	0.05	0.993274413259	18	12	0.993791882198	28	18
584	0.01	0.999378698684	3	1	0.998976954776	11	8
585	0.005	0.99940976375	3	0	0.998927651392	12	8
586	0.05	0.997887575527	6	3	0.997999104322	18	13
587	0.01	0.998928255231	2	1	0.999272775082	6	3
588	0.005	0.998617604573	5	2	0.997189707097	21	10
589	0.05	0.990261101878	16	6	0.989186124384	22	18
590	0.01	0.998928255231	5	1	0.998385314165	12	9
591	0.005	0.999425296283	3	0	0.998931760008	8	6
592	0.05	0.986657554247	26	12	0.991819746827	35	27
593	0.01	0.998213758718	3	3	0.997058231405	15	7
594	0.005	0.999145710691	4	0	0.998040190475	14	8
595	0.05	0.992653111943	21	12	0.991667728059	32	21
596	0.01	0.999580621612	1	0	0.999412468004	6	4
597	0.005	0.995014056942	5	2	0.996971950483	10	8
598	0.05	0.992559916746	19	12	0.992234716978	34	26
599	0.01	0.999099113092	2	1	0.998377096935	16	10
600	0.005	0.998835060033	5	2	0.996639152639	19	8
601	0.05	0.995184914804	11	6	0.994794384345	23	12
602	0.01	0.998679734704	5	2	0.99907145293	16	5
603	0.005	0.997872042994	9	3	0.99711575202	16	9
604	0.05	0.994252962831	15	8	0.991207563139	35	24
605	0.01	0.999332101086	2	1	0.998927651392	11	7
606	0.005	0.998726332303	6	2	0.997945692322	16	11
607	0.05	0.965362451655	32	24	0.975627693711	51	34
608	0.01	0.999565089079	1	1	0.999128973545	8	6
609	0.005	0.999673816809	2	0	0.999190602775	9	3
610	0.05	0.991379444246	15	10	0.993401563739	22	17
611	0.01	0.999238905888	4	1	0.999519292003	7	4
612	0.005	0.996349854771	5	3	0.997912823399	12	5
613	0.05	0.997576924869	7	4	0.997280096635	20	14
614	0.01	0.997576924869	8	3	0.998220969551	14	11
615	0.005	0.992202668489	13	10	0.994667017269	25	15
616	0.05	0.953542194126	46	31	0.927174792823	63	48
617	0.01	0.999487426415	1	1	0.999289209543	4	1
618	0.005	0.998462279244	6	2	0.998870130777	10	6
619	0.05	0.992886099936	14	10	0.992505885591	30	20
620	0.01	0.999502958948	2	0	0.999120756314	7	4
621	0.005	0.999596154145	1	0	0.999622007387	7	2
622	0.05	0.989329149904	20	13	0.989387446537	29	18
623	0.01	0.999316568553	2	1	0.99884137047	10	6
624	0.005	0.999269970954	1	1	0.998537332933	11	8
625	0.05	0.872167254314	90	71	0.881507533146	119	90
626	0.01	0.999627219211	1	0	0.999342621543	7	3
627	0.005	0.999223373355	3	2	0.999375490466	6	3
628	0.05	0.976732265731	13	9	0.986429243481	38	24
629	0.01	0.998835060033	4	3	0.999096104622	10	4
630	0.005	0.999829142138	0	0	0.999765808925	3	2
631	0.05	0.984389804445	18	10	0.990607705297	24	16
632	0.01	0.995837281185	11	4	0.994252047118	23	14
633	0.005	0.998058433389	6	1	0.998500355395	16	8
634	0.05	0.992016278094	21	13	0.991314387138	32	21
635	0.01	0.998912722698	5	2	0.998763306778	11	8
636	0.005	0.969245584878	18	12	0.979280252762	37	24
637	0.05	0.976048834283	21	12	0.983277935503	37	26
638	0.01	0.996147931843	12	5	0.995694171107	22	13
639	0.005	0.999332101086	3	0	0.99941657662	8	5
640	0.05	0.89826190957	75	54	0.924204263921	107	78
641	0.01	0.999130178158	4	2	0.998709894778	10	6
642	0.005	0.999502958948	1	0	0.999050909853	10	6
643	0.05	0.990028113885	19	11	0.988491768389	35	20
644	0.01	0.999580621612	1	0	0.998853696316	7	5
645	0.005	0.984793650301	7	3	0.990915851449	19	12
646	0.05	0.994579146021	15	12	0.994576627731	31	20
647	0.01	0.99940976375	1	1	0.998660591394	10	6
648	0.005	0.998788462435	6	1	0.998245621243	14	10
649	0.05	0.998073965922	9	3	0.995796886491	17	10
650	0.01	0.999394231217	1	1	0.99878795847	9	7
651	0.005	0.999207840823	3	0	0.998796175701	13	10
652	0.05	0.991550302108	19	14	0.993381020662	34	23
653	0.01	0.952082136034	31	26	0.964657690712	56	42
654	0.005	0.999549556546	2	1	0.999190602775	7	4
655	0.05	0.983954893524	20	11	0.986297767789	33	28
656	0.01	0.999285503487	2	1	0.998759198163	8	5
657	0.005	0.999502958948	2	1	0.999556269542	7	3
658	0.05	0.994687873752	18	9	0.993643972045	30	24
659	0.01	0.998788462435	3	2	0.99907967016	12	7
660	0.005	0.998571006974	7	4	0.998952303084	11	5
661	0.05	0.997064351284	9	5	0.997444441249	19	11
662	0.01	0.998415681645	5	3	0.995521609262	13	10
663	0.005	0.999114645625	2	2	0.998746872317	8	6
664	0.05	0.997173079014	9	6	0.994498564039	22	12
665	0.01	0.998772929902	6	2	0.998011430168	14	10
666	0.005	0.999285503487	2	0	0.999268666467	10	6
667	0.05	0.98237057517	34	26	0.986848322247	48	38
668	0.01	0.999285503487	2	1	0.999182385544	8	4
669	0.005	0.999394231217	2	0	0.999276883697	8	7
670	0.05	0.995262577469	14	5	0.995349047418	17	11
671	0.01	0.999378698684	3	0	0.998722220624	13	9
672	0.005	0.998431214178	5	4	0.998549658779	15	9
673	0.05	0.997359469409	10	5	0.995016249574	17	9
674	0.01	0.999580621612	0	0	0.999383707697	7	3
675	0.005	0.999068048027	5	2	0.998915325546	9	6
676	0.05	0.996256659573	12	4	0.995250440649	27	18
677	0.01	0.996582842764	7	5	0.994839579113	16	10
678	0.005	0.997639055001	11	2	0.997789564939	17	11
679	0.05	0.994377223094	14	6	0.994753298191	29	20
680	0.01	0.982153119709	9	5	0.988582157927	22	15
681	0.005	0.999440828816	2	0	0.997945692322	7	6
682	0.05	0.996551777698	7	5	0.995813320953	17	13
683	0.01	0.998866125099	4	1	0.998742763701	8	4
684	0.005	0.999549556546	2	0	0.999359056005	5	5
685	0.05	0.916264115189	56	44	0.921311798711	79	65
686	0.01	0.999145710691	3	1	0.999149516621	11	3
687	0.005	0.999269970954	3	1	0.998689351702	10	7
688	0.05	0.993755921778	15	12	0.993972661273	30	17
689	0.01	0.999052515494	4	0	0.998771524009	6	5
690	0.005	0.998990385362	2	1	0.998118254167	16	8
691	0.05	0.940696789425	65	46	0.960384730742	88	68
692	0.01	0.998757397369	5	2	0.998697568932	10	7
693	0.005	0.99940976375	2	1	0.99918649416	8	5
694	0.05	0.974184930337	22	16	0.979958174296	37	25
695	0.01	0.999145710691	4	2	0.999256340621	11	8
696	0.005	0.998881657632	4	2	0.997649872017	8	7
697	0.05	0.980258150697	37	26	0.975023727254	54	42
698	0.01	0.99871079977	5	2	0.998147014475	9	7
699	0.005	0.999456361349	1	0	0.999330295697	8	5
700	0.05	0.996427517435	10	6	0.996441939102	19	12
701	0.01	0.997375001942	7	2	0.995911927721	16	13
702	0.005	0.998617604573	5	2	0.998714003394	14	8
703	0.05	0.996691570494	11	5	0.996322789257	26	16
704	0.01	0.999238905888	2	1	0.998586636318	7	4
705	0.005	0.997017753685	5	2	0.996996602175	14	8
706	0.05	0.995262577469	9	7	0.991195237293	18	15
707	0.01	0.998555474441	2	1	0.99797445263	15	8
708	0.005	0.999627219211	2	0	0.999531617849	4	3
709	0.05	0.924092511766	53	40	0.946818082838	80	63
710	0.01	0.998835060033	3	2	0.998525007087	8	7
711	0.005	0.99940976375	1	1	0.999001606469	5	4
712	0.05	0.99683136329	11	5	0.996503568332	22	17
713	0.01	0.999238905888	4	1	0.99901804093	11	7
714	0.005	0.998695267237	5	1	0.99821275232	12	5
715	0.05	0.949130954785	74	54	0.95943974921	114	82
716	0.01	0.999611686678	2	0	0.999441228312	7	6
717	0.005	0.999332101086	2	1	0.999124864929	8	5
718	0.05	0.992606514344	11	6	0.992440147746	24	17
719	0.01	0.999456361349	1	0	0.998171666167	10	6
720	0.005	0.988971901648	11	5	0.992567514822	19	13
721	0.05	0.941380220873	54	38	0.956974579997	82	65
722	0.01	0.999456361349	2	0	0.999433011081	7	5
723	0.005	0.996008139047	10	7	0.99520524588	22	16
724	0.05	0.998508876843	6	1	0.998607179394	13	8
725	0.01	0.999114645625	4	0	0.998274381551	13	10
726	0.005	0.996598375297	11	7	0.993935683735	18	15
727	0.05	0.979636849381	36	25	0.968634830376	62	44
728	0.01	0.999642751744	0	0	0.999116647699	7	4
729	0.005	0.999347633619	3	0	0.999515183388	7	3
730	0.05	0.993056957798	20	10	0.990546076067	38	22
731	0.01	0.998275888849	6	3	0.997448549864	13	6
732	0.005	0.998384616579	5	2	0.998475703703	16	9
733	0.05	0.956151659651	41	30	0.967574807614	57	41
734	0.01	0.998508876843	5	2	0.99693908156	10	8
735	0.005	0.999642751744	1	0	0.999642550464	5	4
736	0.05	0.976235224678	18	11	0.983668253962	39	25
737	0.01	0.997592457402	5	4	0.995303852649	20	15
738	0.005	0.998866125099	2	1	0.997156838174	14	6
739	0.05	0.998058433389	9	5	0.997148620943	20	12
740	0.01	0.999036982961	4	1	0.997756696016	13	8
741	0.005	0.999223373355	1	1	0.998372988319	9	5
742	0.05	0.994998524409	13	7	0.99404661635	23	18
743	0.01	0.999347633619	3	1	0.999354947389	7	3
744	0.005	0.999673816809	0	0	0.999568595388	7	5
745	0.05	0.997639055001	4	3	0.996105032643	20	11
746	0.01	0.999596154145	1	0	0.999548052311	5	4
747	0.005	0.999238905888	2	1	0.999449445542	6	3
748	0.05	0.995728553455	13	4	0.995599672954	24	18
749	0.01	0.999471893882	2	1	0.999548052311	6	4
750	0.005	0.998974852829	4	2	0.998677025856	13	7
751	0.05	0.992280331154	21	10	0.992900312666	31	22
752	0.01	0.998446746711	4	2	0.999046801238	12	4
753	0.005	0.997934173126	5	2	0.994441043424	17	13
754	0.05	0.997561392336	7	4	0.995829755414	21	11
755	0.01	0.999580621612	1	0	0.999519292003	7	4
756	0.005	0.999549556546	1	0	0.999289209543	10	5
757	0.05	0.968018514779	45	27	0.970200212826	62	43
758	0.01	0.999813609605	0	0	0.999170059698	7	5
759	0.005	0.998462279244	6	1	0.998360662473	20	10
760	0.05	0.998244823783	6	3	0.997312965557	10	7
761	0.01	0.999130178158	2	1	0.998689351702	12	6
762	0.005	0.999114645625	3	1	0.999022149545	15	7
763	0.05	0.985880927603	26	12	0.98243156074	50	32
764	0.01	0.996427517435	10	5	0.993968552658	18	13
765	0.005	0.999471893882	4	0	0.999272775082	7	6
766	0.05	0.967210823069	46	34	0.963342933798	65	48
767	0.01	0.999223373355	2	1	0.998890673854	12	5
768	0.005	0.999456361349	1	1	0.999515183388	5	5
769	0.05	0.991985213029	21	12	0.988167187776	37	29
770	0.01	0.998664202171	3	2	0.998525007087	9	4
771	0.005	0.998151628586	7	2	0.998709894778	13	9
772	0.05	0.99311908793	18	11	0.994210960964	34	21
773	0.01	0.999036982961	3	1	0.99821275232	13	8
774	0.005	0.999689349342	1	0	0.999597355695	5	3
775	0.05	0.997623522468	9	3	0.998253838474	14	9
776	0.01	0.999254438421	4	1	0.999009823699	7	6
777	0.005	0.998757397369	4	1	0.999022149545	11	6
778	0.05	0.981656078657	21	16	0.978039450925	48	28
779	0.01	0.998400149112	7	4	0.9978594114	11	7
780	0.005	0.988630185924	2	2	0.993808316659	10	8
781	0.05	0.998664202171	5	3	0.998171666167	11	8
782	0.01	0.998508876843	5	2	0.9989564117	14	6
783	0.005	0.997918640593	9	4	0.99757591694	21	13
784	0.05	0.9334120315	58	37	0.95481344832	92	66
785	0.01	0.999767012007	0	0	0.999605572926	5	3
786	0.005	0.999207840823	2	1	0.998286707397	15	9
787	0.05	0.991441574378	22	8	0.991125390832	39	27
788	0.01	0.999704881875	0	0	0.999613790157	5	2
789	0.005	0.999642751744	0	0	0.999211145852	9	5
790	0.05	0.975458598034	22	14	0.980253994601	56	39
791	0.01	0.999207840823	3	2	0.99861128801	10	7
792	0.005	0.995821748653	15	9	0.995784560645	26	17
793	0.05	0.993724856712	13	7	0.991359581907	26	15
794	0.01	0.999658284276	1	0	0.998870130777	8	4
795	0.005	0.999704881875	0	0	0.999128973545	6	6
796	0.05	0.998042900856	3	2	0.995620216031	27	12
797	0.01	0.999378698684	2	1	0.999239906159	10	7
798	0.005	0.999565089079	1	0	0.998968737546	9	6
799	0.05	0.991037728522	9	5	0.99041049176	22	16
800	0.01	0.997250741678	7	4	0.997818325246	16	11
801	0.005	0.999534024013	1	0	0.999235797544	10	7
802	0.05	0.981376493065	11	7	0.987600198857	26	17
803	0.01	0.997716717665	11	4	0.996392635718	23	18
804	0.005	0.999487426415	2	0	0.999244014775	8	6
805	0.05	0.952082136034	27	16	0.960955828276	42	34
806	0.01	0.992466721548	21	12	0.992986593588	33	24
807	0.005	0.999223373355	3	1	0.999276883697	9	6
808	0.05	0.997716717665	8	5	0.996914429868	14	9
809	0.01	0.997002221152	8	5	0.997801890785	16	12
810	0.005	0.999005917895	3	1	0.997649872017	11	9
811	0.05	0.991426041845	16	6	0.988705416388	31	20
812	0.01	0.999269970954	4	0	0.999112539083	7	4
813	0.005	0.999145710691	2	1	0.998779741239	13	6
814	0.05	0.99860207204	7	3	0.998533224318	14	9
815	0.01	0.998586539507	5	3	0.998668808625	15	8
816	0.005	0.999052515494	4	1	0.998968737546	15	8
817	0.05	0.926686444759	59	38	0.948621764979	80	61
818	0.01	0.999767012007	0	0	0.999605572926	5	3
819	0.005	0.999611686678	0	0	0.998907108315	9	8
820	0.05	0.995076187074	14	7	0.991199345908	36	22
821	0.01	0.999161243224	3	1	0.998882456623	11	5
822	0.005	0.999332101086	3	1	0.998952303084	8	6
823	0.05	0.990711545332	17	12	0.993327608663	25	19
824	0.01	0.99871079977	4	2	0.997896388938	15	6
825	0.005	0.99930103602	4	0	0.998804392932	12	5
826	0.05	0.995992606514	12	6	0.992033394826	31	23
827	0.01	0.997825445395	8	5	0.998142905859	17	14
828	0.005	0.999394231217	3	0	0.99878795847	12	7
829	0.05	0.956757428434	43	29	0.96556158609	65	50
830	0.01	0.993243348193	20	11	0.989461401613	38	17
831	0.005	0.998462279244	4	1	0.997834759708	17	10
832	0.05	0.98237057517	10	5	0.988310989313	23	14
833	0.01	0.999425296283	1	0	0.999280992313	9	3
834	0.005	0.998974852829	3	3	0.998512681241	12	5
835	0.05	0.998664202171	4	1	0.997637546171	12	9
836	0.01	0.995122784672	6	4	0.994872448036	15	9
837	0.005	0.999596154145	2	0	0.999511074773	6	3
838	0.05	0.993460803653	21	11	0.993705601275	32	22
839	0.01	0.998633137106	5	2	0.9989564117	10	6
840	0.005	0.998555474441	5	2	0.998705786163	14	7
841	0.05	0.938133921499	66	44	0.946978318837	97	65
842	0.01	0.995029589475	14	8	0.994905316959	26	19
843	0.005	0.999502958948	3	0	0.99947820585	9	5
844	0.05	0.989903853621	22	15	0.989494270536	35	26
845	0.01	0.999720414408	1	0	0.999026258161	8	5
846	0.005	0.998322486448	6	2	0.998783849855	11	7
847	0.05	0.995713020922	13	6	0.995825646799	19	13
848	0.01	0.999440828816	1	1	0.999202928621	8	4
849	0.005	0.998990385362	3	3	0.997534830787	12	5
850	0.05	0.992109473292	29	9	0.992871552358	35	27
851	0.01	0.998959320296	3	1	0.998216860936	15	8
852	0.005	0.998788462435	4	2	0.998767415393	13	10
853	0.05	0.995604293192	13	6	0.992394952977	25	15
854	0.01	0.999052515494	3	1	0.998989280623	6	5
855	0.005	0.998586539507	6	2	0.996930864329	17	11
856	0.05	0.995138317205	13	8	0.995575021262	27	20
857	0.01	0.998369084047	5	3	0.997756696016	18	11
858	0.005	0.99951849148	1	0	0.998808501547	13	8
859	0.05	0.992948230068	19	8	0.99387816312	29	20
860	0.01	0.999254438421	4	1	0.999108430468	9	5
861	0.005	0.999534024013	2	0	0.999034475391	9	6
862	0.05	0.991814355167	20	12	0.993598777276	41	27
863	0.01	0.999176775757	2	1	0.998122362783	12	10
864	0.005	0.999844674671	0	0	0.99970828831	4	1
865	0.05	0.989608735496	19	14	0.992210065286	39	27
866	0.01	0.99951849148	1	1	0.999391924927	7	4
867	0.005	0.991767757568	14	8	0.994054833581	19	12
868	0.05	0.977182709184	13	10	0.985882797638	27	20
869	0.01	0.999145710691	2	1	0.999198820006	11	7
870	0.005	0.999316568553	2	1	0.998598962164	10	7
871	0.05	0.983923828459	13	7	0.987575547165	32	24
872	0.01	0.996676037962	10	5	0.995225788957	20	13
873	0.005	0.999720414408	1	0	0.99971650554	5	3
874	0.05	0.977508892375	17	12	0.986125205944	25	16
875	0.01	0.999813609605	0	0	0.999724722771	4	1
876	0.005	0.99940976375	3	0	0.999116647699	10	6
877	0.05	0.966667184418	39	25	0.978244881692	53	39
878	0.01	0.998835060033	4	1	0.998927651392	11	5
879	0.005	0.99940976375	2	0	0.999112539083	7	5
880	0.05	0.987620571287	22	11	0.989264188076	36	24
881	0.01	0.999425296283	2	1	0.998898891085	10	8
882	0.005	0.999471893882	1	1	0.998603070779	9	3
883	0.05	0.995713020922	10	5	0.997296531096	21	13
884	0.01	0.99940976375	2	1	0.99953983508	4	3
885	0.005	0.988055482207	25	17	0.992415496054	47	29
886	0.05	0.997840977928	8	4	0.995546260955	18	15
887	0.01	0.999378698684	2	0	0.998525007087	13	10
888	0.005	0.999425296283	2	1	0.99913308216	6	5
889	0.05	0.995495565462	12	7	0.9946218225	23	16
890	0.01	0.99978254454	0	0	0.999231688929	4	4
891	0.005	0.980646464019	11	9	0.988684873311	18	11
892	0.05	0.977338034513	14	10	0.986059468099	26	19
893	0.01	0.998338018981	4	3	0.998578419087	11	4
894	0.005	0.999332101086	3	0	0.998270272935	10	8
895	0.05	0.972693807179	36	25	0.980130736141	61	47
896	0.01	0.999332101086	2	0	0.998446943396	13	9
897	0.005	0.999440828816	1	1	0.999617898772	5	3
898	0.05	0.99381805191	13	5	0.987476940396	33	19
899	0.01	0.998353551514	6	2	0.995172376957	17	12
900	0.005	0.998679734704	4	1	0.998245621243	13	7
901	0.05	0.963327689846	40	25	0.97874202415	48	40
902	0.01	0.999099113092	5	0	0.999280992313	9	6
903	0.005	0.999394231217	2	0	0.998677025856	9	4
904	0.05	0.999363166152	3	1	0.99884137047	10	3
905	0.01	0.99989127227	0	0	0.999609681541	6	4
906	0.005	0.998384616579	9	3	0.998504464011	15	10
907	0.05	0.997778847797	8	3	0.997370486172	14	8
908	0.01	0.999347633619	2	0	0.998923542777	5	5
909	0.005	0.999378698684	1	0	0.998455160626	9	5
910	0.05	0.976592472935	29	16	0.983992834575	52	36
911	0.01	0.998866125099	3	1	0.998282598781	10	8
912	0.005	0.9988195275	4	2	0.998171666167	14	9
913	0.05	0.997033286218	9	4	0.994498564039	18	8
914	0.01	0.999316568553	2	0	0.998401748627	12	5
915	0.005	0.998881657632	2	2	0.999170059698	10	4
916	0.05	0.915114707755	80	53	0.930239819878	104	82
917	0.01	0.997281806744	3	2	0.998471595088	9	5
918	0.005	0.999611686678	2	0	0.999441228312	8	5
919	0.05	0.0552492194902	32	32	0.0804425800461	32	32
920	0.01	0.998213758718	9	3	0.995517500647	25	14
921	0.005	0.999347633619	4	0	0.99930975262	10	5
922	0.05	0.997747782731	5	3	0.997563591094	16	12
923	0.01	0.999254438421	2	0	0.998750980932	12	5
924	0.005	0.999596154145	2	1	0.999638441849	6	3
925	0.05	0.975365402836	29	19	0.977242379546	59	43
926	0.01	0.997918640593	9	5	0.998348336627	15	11
927	0.005	0.999363166152	1	1	0.999400142158	6	4
928	0.05	0.995045122008	10	5	0.995086096035	18	13
929	0.01	0.998571006974	6	1	0.997962126784	15	8
930	0.005	0.998508876843	8	2	0.998512681241	17	10
931	0.05	0.997716717665	6	4	0.997469092941	15	11
932	0.01	0.999580621612	3	0	0.999428902466	6	4
933	0.005	0.999611686678	2	0	0.999034475391	8	6
934	0.05	0.997576924869	7	4	0.99756769971	20	8
935	0.01	0.999316568553	3	0	0.99907967016	9	7
936	0.005	0.99871079977	5	2	0.998594853548	17	9
937	0.05	0.995355772666	11	5	0.99433832804	21	12
938	0.01	0.999238905888	3	1	0.998508572626	12	6
939	0.005	0.998866125099	3	2	0.997506070479	12	8
940	0.05	0.985414951616	33	22	0.986211486867	49	35
941	0.01	0.99580621612	12	7	0.996400852949	23	16
942	0.005	0.998959320296	3	1	0.999231688929	6	4
943	0.05	0.939516316926	45	29	0.945667670538	62	52
944	0.01	0.999425296283	3	0	0.999326187082	5	5
945	0.005	0.999316568553	2	1	0.997970344014	12	6
946	0.05	0.0559637160032	33	33	0.0794277520533	33	33
947	0.01	0.996986688619	9	7	0.996680238793	18	13
948	0.005	0.998244823783	4	3	0.998241512628	11	6
949	0.05	0.978176791289	18	9	0.979128233994	51	39
950	0.01	0.999363166152	1	1	0.999280992313	7	3
951	0.005	0.999207840823	3	2	0.998693460317	10	5
952	0.05	0.782249421413	79	65	0.850101277369	99	82
953	0.01	0.999456361349	4	0	0.998960520315	6	4
954	0.005	0.998136096053	5	3	0.996129684335	19	11
955	0.05	0.983706372998	31	17	0.983775077961	42	35
956	0.01	0.998555474441	5	2	0.998898891085	10	6
957	0.005	0.999316568553	2	1	0.999223471698	7	4
958	0.05	0.998400149112	6	2	0.997773130477	22	13
959	0.01	0.9988195275	4	2	0.998812610162	9	8
960	0.005	0.999223373355	3	2	0.998985172007	11	7
961	0.05	0.985197496156	16	10	0.988142536084	29	21
962	0.01	0.999471893882	1	0	0.999128973545	11	8
963	0.005	0.999596154145	2	0	0.999211145852	8	4
964	0.05	0.984234479117	31	19	0.986236138559	40	33
965	0.01	0.999689349342	1	0	0.999465880004	7	4
966	0.005	0.999751479474	0	0	0.999543943696	4	2
967	0.05	0.679967692332	102	85	0.741231187677	124	108
968	0.01	0.999036982961	3	2	0.998471595088	10	6
969	0.005	0.999487426415	1	0	0.998796175701	10	8
970	0.05	0.993724856712	14	9	0.991963548365	33	23
971	0.01	0.999471893882	1	0	0.999038584007	11	4
972	0.005	0.999751479474	0	0	0.999391924927	5	4
973	0.05	0.99145710691	19	10	0.987583764396	32	24
974	0.01	0.995511097995	12	5	0.995328504341	32	22
975	0.005	0.999860207204	0	0	0.999285100928	7	6
976	0.05	0.912784827822	85	56	0.913727294764	154	111
977	0.01	0.998757397369	4	2	0.998142905859	12	8
978	0.005	0.999161243224	5	0	0.998997497853	8	3
979	0.05	0.91986766282	77	58	0.937171053983	112	90
980	0.01	0.992590981811	10	6	0.989979087148	29	21
981	0.005	0.998974852829	4	1	0.998935868623	12	7
982	0.05	0.996287724639	10	6	0.994071268042	20	12
983	0.01	0.999036982961	4	1	0.999112539083	11	6
984	0.005	0.999332101086	3	0	0.999305644005	9	5
985	0.05	0.99473447135	14	7	0.995517500647	22	14
986	0.01	0.998136096053	5	3	0.998479812318	10	6
987	0.005	0.999487426415	2	0	0.999449445542	6	5
988	0.05	0.996660505429	11	6	0.995751691722	24	14
989	0.01	0.999332101086	3	0	0.999387816312	9	4
990	0.005	0.999332101086	1	1	0.999490531696	6	3
991	0.05	0.998322486448	6	2	0.998216860936	16	9
992	0.01	0.994967459344	16	10	0.994593062192	32	22
993	0.005	0.999440828816	2	1	0.999441228312	6	4
994	0.05	0.679175533154	80	64	0.745697252569	96	79
995	0.01	0.99381805191	21	10	0.996667912947	30	21
996	0.005	0.999487426415	2	0	0.999326187082	9	5
997	0.05	0.996644972896	12	5	0.995065552958	32	21
998	0.01	0.999099113092	4	1	0.998118254167	12	7
999	0.005	0.999068048027	4	2	0.999219363082	7	4
1000	0.05	0.994330625495	13	9	0.996343332334	24	16
1001	0.01	0.999534024013	2	1	0.999375490466	6	5
1002	0.005	0.999021450428	5	1	0.9978594114	10	5
1003	0.05	0.99860207204	5	2	0.996741868023	11	8
1004	0.01	0.998369084047	6	3	0.999055018468	11	5
1005	0.005	0.998353551514	8	4	0.997962126784	19	10
1006	0.05	0.998571006974	6	2	0.996684347408	25	15
1007	0.01	0.998788462435	5	2	0.998405857242	14	10
1008	0.005	0.999642751744	1	0	0.999679528002	6	2
1009	0.05	0.975676053494	23	12	0.985319917335	32	23
1010	0.01	0.992466721548	8	5	0.995796886491	16	11
1011	0.005	0.999611686678	1	0	0.999387816312	7	4
1012	0.05	0.997157546481	8	3	0.993808316659	28	19
1013	0.01	0.999658284276	0	0	0.999642550464	5	3
1014	0.005	0.999875739737	0	0	0.999732940002	3	2
1015	0.05	0.988754446188	30	21	0.987070187476	39	31
1016	0.01	0.999316568553	3	2	0.999211145852	6	5
1017	0.005	0.998835060033	4	2	0.998364771088	18	7
1018	0.05	0.992901632469	12	6	0.992230608363	28	19
1019	0.01	0.996753700626	12	6	0.996100924028	18	11
1020	0.005	0.999223373355	3	0	0.998820827393	9	7
1021	0.05	0.989313617372	16	11	0.988364401313	27	23
1022	0.01	0.995169382271	7	5	0.99514361665	28	12
1023	0.005	0.999347633619	2	1	0.999050909853	12	6
1024	0.05	0.993258880726	16	11	0.994732755114	26	20
1025	0.01	0.999704881875	1	0	0.999091996006	7	4
1026	0.005	0.999580621612	1	0	0.999502857542	7	3
1027	0.05	0.973625759153	25	12	0.978585896767	34	23
1028	0.01	0.997701185132	8	3	0.994802601575	14	13
1029	0.005	0.999751479474	2	0	0.999827438155	2	1
1030	0.05	0.9988195275	8	1	0.99797445263	15	10
1031	0.01	0.984141283919	5	3	0.990891199757	11	7
